id,userName,fullName,profilePicUrl,isVerified
51842678096,amaialamagnere,A_M_A_N_Y_A,https://instagram.famd1-3.fna.fbcdn.net/v/t51.2885-19/44884218_345707102882519_2446069589734326272_n.jpg?_nc_ht=instagram.famd1-3.fna.fbcdn.net&_nc_cat=1&_nc_ohc=uM88MCE8Dx4AX-Owyvd&edm=AL4D0a4BAAAA&ccb=7-5&ig_cache_key=YW5vbnltb3VzX3Byb2ZpbGVfcGlj.2-ccb7-5&oh=00_AfCYzhRwAOeLLTB8vWTY64oORHUGzznMd2SB8aZ_-3JsrA&oe=63968E8F&_nc_sid=712cc3,false
56720222914,aira_reddy22,Airaaaaa,https://instagram.fblr2-1.fna.fbcdn.net/v/t51.2885-19/317228962_507316988106519_550892262692698611_n.jpg?stp=dst-jpg_s150x150&_nc_ht=instagram.fblr2-1.fna.fbcdn.net&_nc_cat=103&_nc_ohc=6VMxwq1qoboAX-WfPch&edm=AOG-cTkBAAAA&ccb=7-5&oh=00_AfBWQWHWbpiyZdJ2x0sdb_F7VshzjUWRDCT8NtOunYRKUg&oe=63960B59&_nc_sid=282b66,false
55777989495,jpmpt482,s.o.k.e..10,https://instagram.fblr2-2.fna.fbcdn.net/v/t51.2885-19/317114732_1116972679011528_6620466878002614449_n.jpg?stp=dst-jpg_s150x150&_nc_ht=instagram.fblr2-2.fna.fbcdn.net&_nc_cat=100&_nc_ohc=Lma8QIjUmS0AX-wEToG&edm=AOG-cTkBAAAA&ccb=7-5&oh=00_AfAMB7Nsbm-_NPBMKwzseQ-AW_wWh1FYNCA5VZq9fl91_g&oe=639706D4&_nc_sid=282b66,false
53412350776,kazumaaaaa0825,Kazuma,https://instagram.fblr2-2.fna.fbcdn.net/v/t51.2885-19/316730519_846363069840371_2069822001377133715_n.jpg?stp=dst-jpg_s150x150&_nc_ht=instagram.fblr2-2.fna.fbcdn.net&_nc_cat=111&_nc_ohc=EKK6ZcwwZtwAX-Epipu&tn=eMwatlRGjerQff-u&edm=AOG-cTkBAAAA&ccb=7-5&oh=00_AfDFpXDp6GpvCDAmxrg7Nlwx9CY-USZ0KGqpGs5g_ClNBQ&oe=6396FC02&_nc_sid=282b66,false
56105362546,aban.prrivv69,Aban,https://instagram.fblr2-2.fna.fbcdn.net/v/t51.2885-19/316030055_3334077980144153_8850629182188373990_n.jpg?stp=dst-jpg_s150x150&_nc_ht=instagram.fblr2-2.fna.fbcdn.net&_nc_cat=105&_nc_ohc=zZl4mplbgCYAX8hS8c_&edm=AOG-cTkBAAAA&ccb=7-5&oh=00_AfDTSLosJTJN9UXVz9IyY4uNHd1NeW8ED5e-nz0ObaUEtw&oe=63961007&_nc_sid=282b66,false
48133447887,rojarpj,ùïçùïöùïßùïöùïü ‚Ñùùï†ùïõùïíùï£,https://instagram.fblr2-1.fna.fbcdn.net/v/t51.2885-19/312642064_481724913926056_2986146575403102004_n.jpg?stp=dst-jpg_s150x150&_nc_ht=instagram.fblr2-1.fna.fbcdn.net&_nc_cat=104&_nc_ohc=2guVRmZttx8AX9LdrX4&edm=AOG-cTkBAAAA&ccb=7-5&oh=00_AfAS4UuQqM9-qaVkdkPgWyFEXu49-35dhh07oS2LJel37A&oe=63977C47&_nc_sid=282b66,false
2940269944,_.ananyap,Ananya Prabhuram,https://instagram.fblr2-2.fna.fbcdn.net/v/t51.2885-19/315550102_1829068327442937_5413093034102519818_n.jpg?stp=dst-jpg_s150x150&_nc_ht=instagram.fblr2-2.fna.fbcdn.net&_nc_cat=109&_nc_ohc=cGhfnm7twQAAX8jCQRB&edm=AOG-cTkBAAAA&ccb=7-5&oh=00_AfCFB2bF3mnKvJ_QEILYnv6Ywj8zSbpgN-6OkTxNAw3geg&oe=639710EF&_nc_sid=282b66,false
55661064035,_itssyashita_,yashita,https://instagram.fblr2-1.fna.fbcdn.net/v/t51.2885-19/312751139_450033720357882_1499603305888095536_n.jpg?stp=dst-jpg_s150x150&_nc_ht=instagram.fblr2-1.fna.fbcdn.net&_nc_cat=106&_nc_ohc=ojrNsXwT4fEAX-d_MUf&edm=AOG-cTkBAAAA&ccb=7-5&oh=00_AfBor32xymrnkxR1zcTNWu34lpQFhqfwLwgHygYhPfERAQ&oe=639695C8&_nc_sid=282b66,false
52687310884,this_is_seitaaaaa,SEITA,https://instagram.fblr2-1.fna.fbcdn.net/v/t51.2885-19/292325970_1331299130732632_5458529812420349940_n.jpg?stp=dst-jpg_s150x150&_nc_ht=instagram.fblr2-1.fna.fbcdn.net&_nc_cat=104&_nc_ohc=m3Dj5TQHMtIAX_6BUEf&edm=AOG-cTkBAAAA&ccb=7-5&oh=00_AfDQL6C9KXrZgPppvPSx0LfrCMHYXJw7yERfPsvmmTwBwQ&oe=639618FC&_nc_sid=282b66,false
49402018805,miu._.03050,ùì∂ùì≤ùìæ,https://instagram.fblr2-2.fna.fbcdn.net/v/t51.2885-19/317015344_1332881980813604_2790774800196596505_n.jpg?stp=dst-jpg_s150x150&_nc_ht=instagram.fblr2-2.fna.fbcdn.net&_nc_cat=108&_nc_ohc=EpxH4WS1oHoAX_aX7kg&edm=AOG-cTkBAAAA&ccb=7-5&oh=00_AfA3Gm8HDXhXDiX4gd8U08Hwmm3c8Kw_EXm3e1V6I1cKmw&oe=6396BC81&_nc_sid=282b66,false
14265896530,ni.mimisan,amyura ìÜ©‚ô°ìÜ™,https://instagram.fblr2-2.fna.fbcdn.net/v/t51.2885-19/316358166_821209982474971_8396776695145952955_n.jpg?stp=dst-jpg_s150x150&_nc_ht=instagram.fblr2-2.fna.fbcdn.net&_nc_cat=107&_nc_ohc=Ap6ye1wkbmYAX9ah66j&edm=AOG-cTkBAAAA&ccb=7-5&oh=00_AfAbKD4Lgd72JKTFwFjaEH84wTOWqZOo2YjP7ZhgF44WTw&oe=6395EC15&_nc_sid=282b66,false
51637444844,bori101026,Bori/Î≥¥Î¶¨,https://instagram.fblr2-2.fna.fbcdn.net/v/t51.2885-19/272179429_638089394108201_4563470664542097372_n.jpg?stp=dst-jpg_s150x150&_nc_ht=instagram.fblr2-2.fna.fbcdn.net&_nc_cat=105&_nc_ohc=GRJsoVuTS1gAX_6xMQs&edm=AOG-cTkBAAAA&ccb=7-5&oh=00_AfC9KTUkl6Yxee8-pqJyi1QSQ_SouZ_NiaAOkgQAqwPDmA&oe=63966572&_nc_sid=282b66,false
46441996329,dongwoo8363,ÍπÄÎèôÏö∞,https://instagram.fblr2-1.fna.fbcdn.net/v/t51.2885-19/310188154_804879320746912_234933561981862813_n.jpg?stp=dst-jpg_s150x150&_nc_ht=instagram.fblr2-1.fna.fbcdn.net&_nc_cat=104&_nc_ohc=J30BragdB1wAX-UhsQu&edm=AOG-cTkBAAAA&ccb=7-5&oh=00_AfC_VYwaKyQ6uLyYLw8mFSgJfSxIAM_VyBssEjH-giSD6g&oe=63962EBE&_nc_sid=282b66,false
29686731602,_amaury_verset_,Amaury,https://instagram.fblr2-2.fna.fbcdn.net/v/t51.2885-19/135138116_2856361587930164_1212848922251507058_n.jpg?_nc_ht=instagram.fblr2-2.fna.fbcdn.net&_nc_cat=108&_nc_ohc=XDYaHbB_wFkAX-rIMg7&edm=AOG-cTkBAAAA&ccb=7-5&oh=00_AfCGr2DeVJPMFWgQVTtOYqgrJ2T5eXetSn1qyDnWocE0PQ&oe=639605E0&_nc_sid=282b66,false
48610685863,fw.treyaa,ÿ™ŸàŸÖ,https://instagram.fblr2-1.fna.fbcdn.net/v/t51.2885-19/317321623_471190348448558_1430722638017188796_n.jpg?stp=dst-jpg_s150x150&_nc_ht=instagram.fblr2-1.fna.fbcdn.net&_nc_cat=102&_nc_ohc=dvl9WMM90U8AX8gIPkk&tn=eMwatlRGjerQff-u&edm=AOG-cTkBAAAA&ccb=7-5&oh=00_AfAhvqlxcEdQV--7nkPCy8YooywcOdYw1FZI8yjBVyEzDw&oe=63969834&_nc_sid=282b66,false
53890246472,yoriko.22,Yoriko Kobayashi,https://instagram.fblr2-2.fna.fbcdn.net/v/t51.2885-19/291638540_547356480379940_2262311611520885169_n.jpg?stp=dst-jpg_s150x150&_nc_ht=instagram.fblr2-2.fna.fbcdn.net&_nc_cat=108&_nc_ohc=wGuDyWNKD8oAX9rHDU_&edm=AOG-cTkBAAAA&ccb=7-5&oh=00_AfAyoAREgWXmaCaiNzjD6V7XJT3d82d09fD0JDDT-uNaOg&oe=6396EBD7&_nc_sid=282b66,false
51276045048,dattboi.aneesh,Aneesh,https://instagram.fblr2-1.fna.fbcdn.net/v/t51.2885-19/312955191_177212328223686_6457502934658281969_n.jpg?stp=dst-jpg_s150x150&_nc_ht=instagram.fblr2-1.fna.fbcdn.net&_nc_cat=106&_nc_ohc=rAQ3-KhfF3wAX-S1DO8&edm=AOG-cTkBAAAA&ccb=7-5&oh=00_AfDlU63y8Ueq82WttTWF5LegimisdZaiDBuvsu9eouf9-Q&oe=6397A0E3&_nc_sid=282b66,false
55608166837,h_i_n_a_t_a_0611,Hinataü¶Ñ,https://instagram.fblr2-2.fna.fbcdn.net/v/t51.2885-19/311600208_428460309408127_3341694649484404099_n.jpg?stp=dst-jpg_s150x150&_nc_ht=instagram.fblr2-2.fna.fbcdn.net&_nc_cat=107&_nc_ohc=5bikhhkgCkwAX-oUHY2&tn=eMwatlRGjerQff-u&edm=AOG-cTkBAAAA&ccb=7-5&oh=00_AfBAU4OhNTialshbLcVor9KxMB3WofCv70oFTjdL_bVbCw&oe=63968822&_nc_sid=282b66,false
47852609213,_itssaayuu,aayu :p,https://instagram.fblr2-2.fna.fbcdn.net/v/t51.2885-19/315437543_428445839492901_7699689614728013166_n.jpg?stp=dst-jpg_s150x150&_nc_ht=instagram.fblr2-2.fna.fbcdn.net&_nc_cat=109&_nc_ohc=gFNErtEv4fgAX9WgLZh&edm=AOG-cTkBAAAA&ccb=7-5&oh=00_AfARbD8nz-Gx74uijqHvOYyg7GLFul8_SroCAzeES6Yddw&oe=63974D43&_nc_sid=282b66,false
55596359928,a_s_a_h_i_1106,Asahiü¶ã,https://instagram.fblr2-1.fna.fbcdn.net/v/t51.2885-19/311056020_1142867649977646_721106508537967941_n.jpg?stp=dst-jpg_s150x150&_nc_ht=instagram.fblr2-1.fna.fbcdn.net&_nc_cat=106&_nc_ohc=1WMw6WSP6jkAX-RZ9pB&tn=eMwatlRGjerQff-u&edm=AOG-cTkBAAAA&ccb=7-5&oh=00_AfBykQwvjj_EzzEOxWlqkTq54Z4UMS-ExT6UGpEShlADQA&oe=6395E610&_nc_sid=282b66,false
55808728393,f_u_m_i_t_o_2310_rock_star,Fumitoüé∏,https://instagram.fblr2-2.fna.fbcdn.net/v/t51.2885-19/311321850_196572136121171_3138061914145979307_n.jpg?stp=dst-jpg_s150x150&_nc_ht=instagram.fblr2-2.fna.fbcdn.net&_nc_cat=111&_nc_ohc=G_IKTzYcM-kAX933hCV&edm=AOG-cTkBAAAA&ccb=7-5&oh=00_AfAdWwTqo-jLfvGbYt8mrFsaMPrudcK79Y8NrTDlhwQe4w&oe=63976D64&_nc_sid=282b66,false
53465653449,mehek_m.m,mahiika,https://instagram.fblr2-2.fna.fbcdn.net/v/t51.2885-19/311936442_195571002931747_8945153413243827442_n.jpg?stp=dst-jpg_s150x150&_nc_ht=instagram.fblr2-2.fna.fbcdn.net&_nc_cat=107&_nc_ohc=W-ZZvn7VV5MAX8RarQN&edm=AOG-cTkBAAAA&ccb=7-5&oh=00_AfCCD-GXooI3oWHn0Y1D3quNnwx3gmzS8ZBInkELxo53EA&oe=63972222&_nc_sid=282b66,false
49777993464,dhanishka.k,Dhanishka,https://instagram.fblr2-2.fna.fbcdn.net/v/t51.2885-19/316690846_1181581406110064_193112582037612683_n.jpg?stp=dst-jpg_s150x150&_nc_ht=instagram.fblr2-2.fna.fbcdn.net&_nc_cat=108&_nc_ohc=kn2XeFsMkp8AX9XUgtl&edm=AOG-cTkBAAAA&ccb=7-5&oh=00_AfBwki8YLdzcXmaf2H6uvpStxxyDFpHjAlL9qbuPRvp1Sw&oe=6397157F&_nc_sid=282b66,false
55134845819,sahu.pvttt,Sahu üíÄüî´,https://instagram.fblr2-2.fna.fbcdn.net/v/t51.2885-19/318609421_663129398624552_6938664803548723768_n.jpg?stp=dst-jpg_s150x150&_nc_ht=instagram.fblr2-2.fna.fbcdn.net&_nc_cat=108&_nc_ohc=-lIyjuOvJYoAX_aLzvE&edm=AOG-cTkBAAAA&ccb=7-5&oh=00_AfBHtS_FHQtLLTXnZ6y_y7f1Mcr0pqWTgV7pJtRPNq0YnA&oe=63967889&_nc_sid=282b66,false
55724902890,d1ar4_,Diara,https://instagram.fblr2-1.fna.fbcdn.net/v/t51.2885-19/313839366_1132361410731421_1349906028092253013_n.jpg?stp=dst-jpg_s150x150&_nc_ht=instagram.fblr2-1.fna.fbcdn.net&_nc_cat=101&_nc_ohc=QLwU8dk618UAX_SU6-J&edm=AOG-cTkBAAAA&ccb=7-5&oh=00_AfCQ0rLgW5kAvsGQn3_5eaAsjpZbr2kRi3qZONqkaW-fyw&oe=63972641&_nc_sid=282b66,false
54690757442,creves2022,Creves,https://instagram.fblr2-2.fna.fbcdn.net/v/t51.2885-19/302118119_1746203559066791_8795198205587206919_n.jpg?stp=dst-jpg_s150x150&_nc_ht=instagram.fblr2-2.fna.fbcdn.net&_nc_cat=111&_nc_ohc=nAlT5nb4Bo0AX_qOWKB&edm=AOG-cTkBAAAA&ccb=7-5&oh=00_AfA4EPtygO8KxBMY_PdVST9GwBKQ36Kdh1oGgrfkTrAQkQ&oe=63963BA2&_nc_sid=282b66,false
47100698262,sahu.shambhavi,Shambhavi Sahu,https://instagram.fblr2-2.fna.fbcdn.net/v/t51.2885-19/315450349_110872521839913_2166151955557552396_n.jpg?stp=dst-jpg_s150x150&_nc_ht=instagram.fblr2-2.fna.fbcdn.net&_nc_cat=109&_nc_ohc=5siiAZPOVcsAX-gpjze&tn=eMwatlRGjerQff-u&edm=AOG-cTkBAAAA&ccb=7-5&oh=00_AfBXiijmOpP5udARJLQ_nH9Px5DQo20Kb7NsQczP3jIhzA&oe=6396922F&_nc_sid=282b66,false
52683826439,zvrqa.x,z,https://instagram.fblr2-1.fna.fbcdn.net/v/t51.2885-19/318199127_628298575647663_2769815882412315772_n.jpg?stp=dst-jpg_s150x150&_nc_ht=instagram.fblr2-1.fna.fbcdn.net&_nc_cat=103&_nc_ohc=0ywKeeSncz8AX9P0pUx&edm=AOG-cTkBAAAA&ccb=7-5&oh=00_AfAo-rnGZDLV42Y1Kj5YKsNMWszeorz4oeRXDvb5UA3Msw&oe=6395FCFD&_nc_sid=282b66,false
55597481935,amaani.spamzz,,https://instagram.famd1-3.fna.fbcdn.net/v/t51.2885-19/44884218_345707102882519_2446069589734326272_n.jpg?_nc_ht=instagram.famd1-3.fna.fbcdn.net&_nc_cat=1&_nc_ohc=uM88MCE8Dx4AX-Owyvd&edm=AL4D0a4BAAAA&ccb=7-5&ig_cache_key=YW5vbnltb3VzX3Byb2ZpbGVfcGlj.2-ccb7-5&oh=00_AfCYzhRwAOeLLTB8vWTY64oORHUGzznMd2SB8aZ_-3JsrA&oe=63968E8F&_nc_sid=712cc3,false
52434832750,rohanarts16,Rohan Kalon,https://instagram.fblr2-1.fna.fbcdn.net/v/t51.2885-19/275975891_918269252181734_7475529515066611924_n.jpg?stp=dst-jpg_s150x150&_nc_ht=instagram.fblr2-1.fna.fbcdn.net&_nc_cat=102&_nc_ohc=fRkqvFt3KokAX_mbeur&edm=AOG-cTkBAAAA&ccb=7-5&oh=00_AfAUv-Dc5Cxk6TjnuebLWrnUeUUPwJAecId1X8cyivO6fA&oe=6396BE93&_nc_sid=282b66,false
55925458182,_frnotrey_,reynaa,https://instagram.fblr2-2.fna.fbcdn.net/v/t51.2885-19/318389595_1207300720141451_7941660879524460735_n.jpg?stp=dst-jpg_s150x150&_nc_ht=instagram.fblr2-2.fna.fbcdn.net&_nc_cat=111&_nc_ohc=GD7KY37RynUAX_zz4yf&edm=AOG-cTkBAAAA&ccb=7-5&oh=00_AfD5RhpFM59ptA5JhW3P7e3y_zfvaVQ3l7nmJjE6CTz1LA&oe=6397466E&_nc_sid=282b66,false
11146409492,notkuber,Kuber,https://instagram.fblr2-1.fna.fbcdn.net/v/t51.2885-19/315647097_531866245459970_1806238408802706805_n.jpg?stp=dst-jpg_s150x150&_nc_ht=instagram.fblr2-1.fna.fbcdn.net&_nc_cat=102&_nc_ohc=aRRNXh7QZ7MAX-1L1MW&edm=AOG-cTkBAAAA&ccb=7-5&oh=00_AfBI9A3uQF1iH3Ezi3cQaOXsLLSsS-T60IwDkis-rH_z0w&oe=6397B501&_nc_sid=282b66,false
16117070114,a_f_a_h_blr,Ayakoüåà,https://instagram.fblr2-1.fna.fbcdn.net/v/t51.2885-19/311073184_620070059599501_79103350083583278_n.jpg?stp=dst-jpg_s150x150&_nc_ht=instagram.fblr2-1.fna.fbcdn.net&_nc_cat=101&_nc_ohc=M19MFFpX7bYAX8VW6pp&edm=AOG-cTkBAAAA&ccb=7-5&oh=00_AfC_OZguQLoBoLhiL7Hyp0GzpFhzv_v0KjfuNv12hgAM-g&oe=63973D0E&_nc_sid=282b66,false
31305233815,solo_7117,Solomon,https://instagram.fblr2-1.fna.fbcdn.net/v/t51.2885-19/312068012_667047334850236_1407858282189721491_n.jpg?stp=dst-jpg_s150x150&_nc_ht=instagram.fblr2-1.fna.fbcdn.net&_nc_cat=104&_nc_ohc=kIMwFxHIdNoAX--sWXi&tn=eMwatlRGjerQff-u&edm=AOG-cTkBAAAA&ccb=7-5&oh=00_AfBMX0eZUh9mxkm34iwWrfku-KLjDObl-0TmJdifUGlB7Q&oe=639754F9&_nc_sid=282b66,false
49644448378,shanayabafna_,shanaya <33,https://instagram.fblr2-1.fna.fbcdn.net/v/t51.2885-19/318197330_3308221456158882_9105208615909598630_n.jpg?stp=dst-jpg_s150x150&_nc_ht=instagram.fblr2-1.fna.fbcdn.net&_nc_cat=106&_nc_ohc=Wiu_dS_nzOAAX_Z74ju&edm=AOG-cTkBAAAA&ccb=7-5&oh=00_AfBKX1z_QYm4rJjATAjGj9LMVRbwBsJVlaj9XOGi9yQwSQ&oe=6396CAF6&_nc_sid=282b66,false
55134507070,amaani.budhwar123,Amaani,https://instagram.fblr2-1.fna.fbcdn.net/v/t51.2885-19/306389361_1280451246116464_3326922346356288725_n.jpg?stp=dst-jpg_s150x150&_nc_ht=instagram.fblr2-1.fna.fbcdn.net&_nc_cat=104&_nc_ohc=7gDBe-LcASsAX-m-zh5&tn=eMwatlRGjerQff-u&edm=AOG-cTkBAAAA&ccb=7-5&oh=00_AfCDRtFMoZjvXJpwwjz5Nvc-YgrUp6Sq41fkUbb3j1_LTg&oe=6396A0A8&_nc_sid=282b66,false
51818835876,__.shreyax.__,shreya ;),https://instagram.fblr2-1.fna.fbcdn.net/v/t51.2885-19/318128694_570564521743180_8013990022353021103_n.jpg?stp=dst-jpg_s150x150&_nc_ht=instagram.fblr2-1.fna.fbcdn.net&_nc_cat=104&_nc_ohc=o1iKRPZBkwgAX9VL3NR&edm=AOG-cTkBAAAA&ccb=7-5&oh=00_AfAze9SYFXeqtCTAPWgtXPIUrg4O9xPglZqdonOHfGh0EQ&oe=6397931C&_nc_sid=282b66,false
13305305251,fenokeyz,minetell,https://instagram.fblr2-2.fna.fbcdn.net/v/t51.2885-19/317363510_1603264746785397_283455953453907367_n.jpg?stp=dst-jpg_s150x150&_nc_ht=instagram.fblr2-2.fna.fbcdn.net&_nc_cat=109&_nc_ohc=HcKDe33pUkAAX9W5foI&tn=eMwatlRGjerQff-u&edm=AOG-cTkBAAAA&ccb=7-5&oh=00_AfC8CVK227R3wz3sllDar66qQd_rtun4CNDGfx6fGcUcCg&oe=6396CFF7&_nc_sid=282b66,false
37547382571,milo_w12,milo_w12,https://instagram.fblr2-2.fna.fbcdn.net/v/t51.2885-19/271814543_651725389203624_6666217605038294005_n.jpg?stp=dst-jpg_s150x150&_nc_ht=instagram.fblr2-2.fna.fbcdn.net&_nc_cat=100&_nc_ohc=Ql08b6QoNcgAX8qvbfe&edm=AOG-cTkBAAAA&ccb=7-5&oh=00_AfAjme00XmXYSNvzQJj_eRr2JEUwlFMZ_izPCSBztXvfPQ&oe=639783E7&_nc_sid=282b66,false
47895410750,s_a_m_0.7,Samara,https://instagram.fblr2-1.fna.fbcdn.net/v/t51.2885-19/313635233_634869971416537_4248728644951144256_n.jpg?stp=dst-jpg_s150x150&_nc_ht=instagram.fblr2-1.fna.fbcdn.net&_nc_cat=101&_nc_ohc=pi0zKYXBbHIAX8Jp8f4&edm=AOG-cTkBAAAA&ccb=7-5&oh=00_AfCqaBjVyJFXTvFvgFbEINbNOOzEGgVfioM27hNNY5FF-g&oe=639674CA&_nc_sid=282b66,false
52674337197,nithanthalva,Nithanth Alva,https://instagram.fblr2-2.fna.fbcdn.net/v/t51.2885-19/317492466_691037002438125_3641932063691277939_n.jpg?stp=dst-jpg_s150x150&_nc_ht=instagram.fblr2-2.fna.fbcdn.net&_nc_cat=109&_nc_ohc=KRhUBodu6vAAX9URQjn&edm=AOG-cTkBAAAA&ccb=7-5&oh=00_AfDSuAqacu0-gq5NCWjSnIjIf0LKRiBg03RPXxQ6-T0PgA&oe=63979E9D&_nc_sid=282b66,false
21024126148,takuminakahiro,Takumi Nakahiro,https://instagram.fblr2-1.fna.fbcdn.net/v/t51.2885-19/311004781_1087141358836129_1366176814034572966_n.jpg?stp=dst-jpg_s150x150&_nc_ht=instagram.fblr2-1.fna.fbcdn.net&_nc_cat=101&_nc_ohc=JKbDm3WCPusAX9ow5Xb&edm=AOG-cTkBAAAA&ccb=7-5&oh=00_AfA2iuezOC6vg8Emi6z5qi5XaA6Kz95HEeM8sZASM0DHyw&oe=6396FDEF&_nc_sid=282b66,false
55142832405,anushka._22,,https://instagram.fblr2-1.fna.fbcdn.net/v/t51.2885-19/317422727_180456281320742_4635794099483027667_n.jpg?stp=dst-jpg_s150x150&_nc_ht=instagram.fblr2-1.fna.fbcdn.net&_nc_cat=102&_nc_ohc=ypwlZDa5UkgAX9LaU4N&tn=eMwatlRGjerQff-u&edm=AOG-cTkBAAAA&ccb=7-5&oh=00_AfDkZZryBsJEppMZ8Fo6GKMI_k1LIoFjtNqJh9vbHt_cFQ&oe=6397C2B2&_nc_sid=282b66,false
37487181432,taisei.kawa,Â∑ù‰∏ä,https://instagram.fblr2-2.fna.fbcdn.net/v/t51.2885-19/307171327_1223312244903107_450494644465030097_n.jpg?stp=dst-jpg_s150x150&_nc_ht=instagram.fblr2-2.fna.fbcdn.net&_nc_cat=111&_nc_ohc=_hIMLu3MCBkAX_YzWrR&edm=AOG-cTkBAAAA&ccb=7-5&oh=00_AfDESa2y93PhU5Hm9vzGIwHSt1E0xd8IYCZ9NrBhB03yRQ&oe=6396C3FF&_nc_sid=282b66,false
52945399550,loulou_4474,louis,https://instagram.fblr2-1.fna.fbcdn.net/v/t51.2885-19/294270470_462637409036658_3790444041721472632_n.jpg?stp=dst-jpg_s150x150&_nc_ht=instagram.fblr2-1.fna.fbcdn.net&_nc_cat=106&_nc_ohc=btCqrPXGUIsAX8GupBf&edm=AOG-cTkBAAAA&ccb=7-5&oh=00_AfBCy5xnnet6Lal-RTVqHiWeq5X73rW7rPYdTj7-aj5bSg&oe=6396CBA8&_nc_sid=282b66,false
55058043278,ww.amaani,amaani,https://instagram.fblr2-2.fna.fbcdn.net/v/t51.2885-19/316797366_707530277376910_1402575071330481839_n.jpg?stp=dst-jpg_s150x150&_nc_ht=instagram.fblr2-2.fna.fbcdn.net&_nc_cat=110&_nc_ohc=1WIHs3Z6sSQAX99ABY2&edm=AOG-cTkBAAAA&ccb=7-5&oh=00_AfBKJmzwkk293YZ74PmoS6jxPuraVYHCQy7MZvAKZXu6Cw&oe=63965FBA&_nc_sid=282b66,false
52197437625,r_010709,Rc_1729,https://instagram.fblr2-2.fna.fbcdn.net/v/t51.2885-19/295418743_1121377072057445_2111490780489898537_n.jpg?stp=dst-jpg_s150x150&_nc_ht=instagram.fblr2-2.fna.fbcdn.net&_nc_cat=105&_nc_ohc=qsb5h2MTuyoAX9hV0UQ&edm=AOG-cTkBAAAA&ccb=7-5&oh=00_AfDGQc4H1VAzkI5iwQf0G2ctfCJaUoCf9Ra-Tu46U70MZw&oe=6396F03B&_nc_sid=282b66,false
46716441884,soma_0.2.2.4,Soma Matsui,https://instagram.fblr2-2.fna.fbcdn.net/v/t51.2885-19/271438342_622424468976514_2286884232123775762_n.jpg?stp=dst-jpg_s150x150&_nc_ht=instagram.fblr2-2.fna.fbcdn.net&_nc_cat=110&_nc_ohc=OFje0SKoesUAX899sEO&edm=AOG-cTkBAAAA&ccb=7-5&oh=00_AfDzvlq4p5JEULnm4uBREywtZhOU8uYaXh2yYvbI1fZrjQ&oe=63970C5C&_nc_sid=282b66,false
53463149297,rlawlgns0703,ÍπÄÏßÄÌõà,https://instagram.fblr2-2.fna.fbcdn.net/v/t51.2885-19/300974422_645409776944649_402641225834991743_n.jpg?stp=dst-jpg_s150x150&_nc_ht=instagram.fblr2-2.fna.fbcdn.net&_nc_cat=109&_nc_ohc=vsWbAQKKnRkAX9RA7nj&edm=AOG-cTkBAAAA&ccb=7-5&oh=00_AfC-kmTLS3dc3fKzH9oppFrI2mvyKPumuJwAAlqNvMFf2g&oe=63979720&_nc_sid=282b66,false
15935131791,luciano_pr08,LucRP,https://instagram.fblr2-1.fna.fbcdn.net/v/t51.2885-19/310719548_917455002550552_2765340517196080811_n.jpg?stp=dst-jpg_s150x150&_nc_ht=instagram.fblr2-1.fna.fbcdn.net&_nc_cat=104&_nc_ohc=8IiDxPQezwEAX_LRB-K&tn=eMwatlRGjerQff-u&edm=AOG-cTkBAAAA&ccb=7-5&oh=00_AfB3yUEUu8G4Vb6vE7mfHZ9mPx8YpJBPzRbpGod2LjYn0Q&oe=6396367F&_nc_sid=282b66,false
54482535680,vishakatt,Vishaka T,https://instagram.fblr2-2.fna.fbcdn.net/v/t51.2885-19/294814358_1046642549548591_289697744155718865_n.jpg?stp=dst-jpg_s150x150&_nc_ht=instagram.fblr2-2.fna.fbcdn.net&_nc_cat=107&_nc_ohc=R0E4C5psYUwAX-OvTuJ&edm=AOG-cTkBAAAA&ccb=7-5&oh=00_AfCFPucg2-z8fzYNkxFcU5OPPMUOMsxaqIAJkHw6HlTDYA&oe=63968C36&_nc_sid=282b66,false
49552213314,tonomohamed2022,Moha,https://instagram.fblr2-1.fna.fbcdn.net/v/t51.2885-19/315863227_121843190542430_7374350891467333590_n.jpg?stp=dst-jpg_s150x150&_nc_ht=instagram.fblr2-1.fna.fbcdn.net&_nc_cat=102&_nc_ohc=yvDla3OuIAQAX837hY_&edm=AOG-cTkBAAAA&ccb=7-5&oh=00_AfCblGre88oDD9qJyEGXN0RRKyRKxVUixjB-WS0wNqf1mQ&oe=639688FE&_nc_sid=282b66,false
8965084014,hinomoto_macro,Ëá™ÁÑ∂È£üÂìÅ„ÅÆÂ∫ó  „Éí„Éé„É¢„Éà,https://instagram.fblr2-2.fna.fbcdn.net/v/t51.2885-19/60182436_2807129565969317_4384881293880459264_n.jpg?stp=dst-jpg_s150x150&_nc_ht=instagram.fblr2-2.fna.fbcdn.net&_nc_cat=105&_nc_ohc=ED5eOmr_NqAAX_GhW0x&edm=AOG-cTkBAAAA&ccb=7-5&oh=00_AfCwAIrMErmlTW6D6H0Wk3G_3x3VxP-bOZ5w-xwifHUsww&oe=6397228B&_nc_sid=282b66,false
48417818610,raynah_kunnel,ray,https://instagram.fblr2-2.fna.fbcdn.net/v/t51.2885-19/317858175_107497868804495_3431482477472452363_n.jpg?stp=dst-jpg_s150x150&_nc_ht=instagram.fblr2-2.fna.fbcdn.net&_nc_cat=111&_nc_ohc=ruqVH_TRA-AAX_KHiNg&edm=AOG-cTkBAAAA&ccb=7-5&oh=00_AfBAQALajBcd6xKOZuZhoUkSs1sBSm9b5l1-8H_qhndi-Q&oe=639648A2&_nc_sid=282b66,false
53470614246,choijoonsoo091115,ÏµúÏ§ÄÏàò,https://instagram.fbom3-1.fna.fbcdn.net/v/t51.2885-19/44884218_345707102882519_2446069589734326272_n.jpg?_nc_ht=instagram.fbom3-1.fna.fbcdn.net&_nc_cat=1&_nc_ohc=uM88MCE8Dx4AX9ZfWyV&edm=AL4D0a4BAAAA&ccb=7-5&ig_cache_key=YW5vbnltb3VzX3Byb2ZpbGVfcGlj.2-ccb7-5&oh=00_AfDkkAahSFmtmMSoFYCgVzRIgNAK-Ce_GtlPnydRK6CTag&oe=63968E8F&_nc_sid=712cc3,false
49310466380,r1yana_b,riyana <3,https://instagram.fblr2-2.fna.fbcdn.net/v/t51.2885-19/314378626_1274359260064931_5057157161146946956_n.jpg?stp=dst-jpg_s150x150&_nc_ht=instagram.fblr2-2.fna.fbcdn.net&_nc_cat=111&_nc_ohc=NT_6zXVEDWoAX9bwNOv&edm=AOG-cTkBAAAA&ccb=7-5&oh=00_AfCP_GlGsNnkzGMEGcjyxxBHQF4NibT57Zl0efLs6ZFBpg&oe=63976E80&_nc_sid=282b66,false
52567196189,trisha_7990,Trisha,https://instagram.fblr2-2.fna.fbcdn.net/v/t51.2885-19/289622593_370593011832586_2812719427021674282_n.jpg?stp=dst-jpg_s150x150&_nc_ht=instagram.fblr2-2.fna.fbcdn.net&_nc_cat=110&_nc_ohc=XWB5BM1E5a8AX9lJEXJ&edm=AOG-cTkBAAAA&ccb=7-5&oh=00_AfAlDjXCFXfBeDj_E4KHuEUqP2UjBOtXtfL7DPY34T0dYg&oe=63974268&_nc_sid=282b66,false
52473431479,l3hoo_,ÊñâÊú® Ê•†Â≠ê,https://instagram.fblr2-1.fna.fbcdn.net/v/t51.2885-19/311205981_1499208310545937_3434483415117270040_n.jpg?stp=dst-jpg_s150x150&_nc_ht=instagram.fblr2-1.fna.fbcdn.net&_nc_cat=101&_nc_ohc=2Gg_KSeKcxUAX-4zf9O&edm=AOG-cTkBAAAA&ccb=7-5&oh=00_AfCBNoQasknxW_sx3oSGf-dqOd9pnVM-YjOO7eku0Eihqg&oe=6396E9A7&_nc_sid=282b66,false
48414346300,eun_ga6,poop,https://instagram.fblr2-2.fna.fbcdn.net/v/t51.2885-19/273764874_624769305289175_7198069747821445817_n.jpg?stp=dst-jpg_s150x150&_nc_ht=instagram.fblr2-2.fna.fbcdn.net&_nc_cat=111&_nc_ohc=QmDfNX7qmscAX-QeGn0&edm=AOG-cTkBAAAA&ccb=7-5&oh=00_AfD0avAADAAeiwj8PsyqiBQXVGNVmbvIwWLVs6qCASw3_g&oe=6397148F&_nc_sid=282b66,false
53465948640,r.h5282,R.H0819,https://instagram.fblr2-1.fna.fbcdn.net/v/t51.2885-19/289466484_1373745673104351_2530747839472215507_n.jpg?stp=dst-jpg_s150x150&_nc_ht=instagram.fblr2-1.fna.fbcdn.net&_nc_cat=103&_nc_ohc=H4wK0887nQkAX_QGMYq&edm=AOG-cTkBAAAA&ccb=7-5&oh=00_AfDmEz6crf45KzP4Sf_16cTyoMzqjNc_J43pd1ku0PyoEg&oe=6397AF39&_nc_sid=282b66,false
49170162056,nicco_bryan,Nicco Bryan,https://instagram.fblr2-1.fna.fbcdn.net/v/t51.2885-19/252018073_1111692905903451_4602845212968080469_n.jpg?stp=dst-jpg_s150x150&_nc_ht=instagram.fblr2-1.fna.fbcdn.net&_nc_cat=103&_nc_ohc=R8UKPsgt67MAX8nXlwp&edm=AOG-cTkBAAAA&ccb=7-5&oh=00_AfBBY9Ebk8r30yPtt5dhzwcQEBIWv1gBI7xiM33nI-G7fw&oe=639644FA&_nc_sid=282b66,false
49680319329,mallidevi205,Mallika Devarkonda,https://instagram.fblr2-2.fna.fbcdn.net/v/t51.2885-19/306759733_426308062929418_3285825798927791266_n.jpg?stp=dst-jpg_s150x150&_nc_ht=instagram.fblr2-2.fna.fbcdn.net&_nc_cat=110&_nc_ohc=GvdYIoyIF7sAX930rtk&tn=eMwatlRGjerQff-u&edm=AOG-cTkBAAAA&ccb=7-5&oh=00_AfCjogLU3Qjs7q-MbWrBjKGzMFdrnFxvmr80cWQi6hMCjQ&oe=63971F76&_nc_sid=282b66,false
48722970270,ved_ik_a,Vedika,https://instagram.fblr2-2.fna.fbcdn.net/v/t51.2885-19/309891163_1056719391693247_9189454080292592024_n.jpg?stp=dst-jpg_s150x150&_nc_ht=instagram.fblr2-2.fna.fbcdn.net&_nc_cat=107&_nc_ohc=6gG7_7thYXkAX-KghQE&edm=AOG-cTkBAAAA&ccb=7-5&oh=00_AfAOSxtjlwEsauwMVEmroGa8ZcmUnwPjG4jygESNqSZ1Kg&oe=63976BBB&_nc_sid=282b66,false
50000572267,rohan_kalon,Rohan Kalon,https://instagram.fblr2-1.fna.fbcdn.net/v/t51.2885-19/309290415_5993279357421817_6880648626005585688_n.jpg?stp=dst-jpg_s150x150&_nc_ht=instagram.fblr2-1.fna.fbcdn.net&_nc_cat=101&_nc_ohc=EXi106FWZNgAX9-5UGf&edm=AOG-cTkBAAAA&ccb=7-5&oh=00_AfCDd_Jq_I7Sg3pY8Wd-gTCFyePy3R8OoHMCVIrgKs6JPA&oe=63976ADC&_nc_sid=282b66,false
44667288999,aaravcaddy,AaravCaddy,https://instagram.fblr2-1.fna.fbcdn.net/v/t51.2885-19/295877560_851123515857579_91495933984295230_n.jpg?stp=dst-jpg_s150x150&_nc_ht=instagram.fblr2-1.fna.fbcdn.net&_nc_cat=103&_nc_ohc=XvySZyad5EMAX9n4mrg&tn=eMwatlRGjerQff-u&edm=AOG-cTkBAAAA&ccb=7-5&oh=00_AfBzcxCFbJHV-WEutxLiNO32lE4f78J_j3nVxTxpEDexCg&oe=63968556&_nc_sid=282b66,false
41307602205,sleazy.jass,jasmehar,https://instagram.fblr2-2.fna.fbcdn.net/v/t51.2885-19/317275488_849340072930871_3982225923557957514_n.jpg?stp=dst-jpg_s150x150&_nc_ht=instagram.fblr2-2.fna.fbcdn.net&_nc_cat=111&_nc_ohc=Gxj7hIUoq1UAX8BuXdY&edm=AOG-cTkBAAAA&ccb=7-5&oh=00_AfCKsyE9Xc4AeGEwrRTJm6Yu_Vl3CDCJcbetfcl4YkbOzg&oe=63978025&_nc_sid=282b66,false
52938375473,hyeonjun2704,Hyeonjun,https://instagram.fblr2-2.fna.fbcdn.net/v/t51.2885-19/286018908_2867597306869956_5111229204509184685_n.jpg?stp=dst-jpg_s150x150&_nc_ht=instagram.fblr2-2.fna.fbcdn.net&_nc_cat=100&_nc_ohc=L-PPqBwptScAX_OylOI&edm=AOG-cTkBAAAA&ccb=7-5&oh=00_AfAHPX2WA1p29DJ3Le_m3k9fHb4JjMeFr6spljnY6K_82w&oe=639621C2&_nc_sid=282b66,false
53320515534,jeewon102,Jonathan,https://instagram.fblr2-2.fna.fbcdn.net/v/t51.2885-19/312685865_132231776265389_2093553054582642420_n.jpg?stp=dst-jpg_s150x150&_nc_ht=instagram.fblr2-2.fna.fbcdn.net&_nc_cat=105&_nc_ohc=zjPKdV8FYK4AX_4p-hR&edm=AOG-cTkBAAAA&ccb=7-5&oh=00_AfC-e06ZBIbEshXqFcVBwBCB_DD1suwoq_MPOJtVS8QZEg&oe=63975D27&_nc_sid=282b66,false
52531431420,shamdascam,Shyam D,https://instagram.fblr2-2.fna.fbcdn.net/v/t51.2885-19/278993286_1138573173350986_5368697463267285397_n.jpg?stp=dst-jpg_s150x150&_nc_ht=instagram.fblr2-2.fna.fbcdn.net&_nc_cat=110&_nc_ohc=6cyEAKsoQF8AX8BaqE_&edm=AOG-cTkBAAAA&ccb=7-5&oh=00_AfCdztHSGtSsbYRPINodYHcljAdhkJp57jSDpfg0Wg-T9g&oe=639695D1&_nc_sid=282b66,false
44671077052,nicco_bryan23,Nicco Bryan,https://instagram.fblr2-2.fna.fbcdn.net/v/t51.2885-19/285303951_729483405069965_7218821839411523388_n.jpg?stp=dst-jpg_s150x150&_nc_ht=instagram.fblr2-2.fna.fbcdn.net&_nc_cat=105&_nc_ohc=G_y3NhFGHhoAX9FEisg&edm=AOG-cTkBAAAA&ccb=7-5&oh=00_AfDKhjALNC5Llw6B43SHUL9TVAONg4D9yy_53zOjIxva_w&oe=63974497&_nc_sid=282b66,false
52287108707,chaemin0876,Chaemin,https://instagram.fbom3-1.fna.fbcdn.net/v/t51.2885-19/44884218_345707102882519_2446069589734326272_n.jpg?_nc_ht=instagram.fbom3-1.fna.fbcdn.net&_nc_cat=1&_nc_ohc=uM88MCE8Dx4AX9ZfWyV&edm=AL4D0a4BAAAA&ccb=7-5&ig_cache_key=YW5vbnltb3VzX3Byb2ZpbGVfcGlj.2-ccb7-5&oh=00_AfDkkAahSFmtmMSoFYCgVzRIgNAK-Ce_GtlPnydRK6CTag&oe=63968E8F&_nc_sid=712cc3,false
51427049383,aditivishnu21,Aditi_Vishnu,https://instagram.fblr2-1.fna.fbcdn.net/v/t51.2885-19/311450247_484472407068206_3089616847900262700_n.jpg?stp=dst-jpg_s150x150&_nc_ht=instagram.fblr2-1.fna.fbcdn.net&_nc_cat=102&_nc_ohc=-BCwOPty5u8AX_RTc8N&tn=eMwatlRGjerQff-u&edm=AOG-cTkBAAAA&ccb=7-5&oh=00_AfAiwvilGi9LGF63hjhYmYnUK1pucWajmoqFldustLiDgA&oe=63970F27&_nc_sid=282b66,false
32301803474,reyegg_,reyna:),https://instagram.fblr2-1.fna.fbcdn.net/v/t51.2885-19/314399785_531974851667559_4088377379992618623_n.jpg?stp=dst-jpg_s150x150&_nc_ht=instagram.fblr2-1.fna.fbcdn.net&_nc_cat=103&_nc_ohc=mEshubRMl8cAX9IziQi&tn=eMwatlRGjerQff-u&edm=AOG-cTkBAAAA&ccb=7-5&oh=00_AfCQ050iFFBylB65CDWw-dNteL0GquyvY-EhViR1CK4M6A&oe=63974AF1&_nc_sid=282b66,false
2243297865,araa.wyd,ÿ¨ŸáÿßŸÜ,https://instagram.fblr2-1.fna.fbcdn.net/v/t51.2885-19/291956406_1014425109436938_9139636007752071006_n.jpg?stp=dst-jpg_s150x150&_nc_ht=instagram.fblr2-1.fna.fbcdn.net&_nc_cat=106&_nc_ohc=sTjUvHEOK_AAX921evm&edm=AOG-cTkBAAAA&ccb=7-5&oh=00_AfAxxbCGDPbtbJcl9MuPm303fi_ulz3b2o79BTHccSUMVA&oe=6396E3E6&_nc_sid=282b66,false
