_.ananyap|1
ankitakureel_|1
guadaa._.|1
littlecindy._.29|1
m.minami.373|1

dattboi.aneesh|-1
ainhoa_lmg|-1
ainhoa.lmgr|-1
deethyamakonahalli|-1
s.ya_o4o6|-1
riboffs|-1
eun.ye_|-1
a.w_3742|-1
ved_ik_a|-1
aasnakohli|-1
adityab56|-1
sri.vish|-1
akhila.jagan|-1
fadi.khaleelu|-1
aadi_bb13|-1
afnanbantwal|-1
iriseldo|-1
akashsakhrani05|-1
arjunkulkarni348|-1
horse_sichan|-1
sagarts17|-1
_raquel_eq|-1
_rheagarg_|-1
niranjan_0510|-1
pizza_05793|-1
ananyabanana_|-1
adv.prak|-1
arnavnair26|-1
arnav_nair26|-1
melvzed_04|-1
michellesampige|-1
kunzang_chawla|-1
summanne_3|-1
sash_vi_|-1
peheljain_|-1
priyankaaaaaaa_6|-1
nysabhaskar|-1
napolean_dynamites_superior|-1
5hiak4n|-1
dremn_sejal|-1
diyx.27|-1
phxpranav|-1
rithanya_6085|-1
trishikha.iyer|-1
divyadevarkonda|-1
mans.imurali089|-1
ridhi101|-1
jazzprogrock|-1
chverset|-1
adboy_showman123|-1
smaran_21|-1
neelmehta743|-1
seanyyythesheeep|-1
nah__ee_28|-1
adityaadiraju_|-1
ayush_sathish|-1
arungutkin|-1
akanksh597|-1
aaliyahbist_|-1
diyamoj|-1
an_an_ya_|-1
vishnu_xl|-1
priya_the_marshie|-1
juju_in_cali|-1
aaira_17|-1
aditi.dwarak|-1
shreyxs_9|-1
manvi_1609|-1
treesha.chhabria|-1
maya.mandall|-1
solo_7117|-1
araa.wyd|-1
